<ForceField>
<AtomTypes>
<Type name="opls_836" class="H836" element="H" mass="1.008000" />
<Type name="opls_830" class="H830" element="H" mass="1.008000" />
<Type name="opls_808" class="F808" element="F" mass="18.998403" />
<Type name="opls_812" class="H812" element="H" mass="1.008000" />
<Type name="opls_825" class="C825" element="C" mass="12.011000" />
<Type name="opls_827" class="H827" element="H" mass="1.008000" />
<Type name="opls_828" class="H828" element="H" mass="1.008000" />
<Type name="opls_804" class="S804" element="S" mass="32.060000" />
<Type name="opls_806" class="C806" element="C" mass="12.011000" />
<Type name="opls_800" class="O800" element="O" mass="15.999000" />
<Type name="opls_832" class="H832" element="H" mass="1.008000" />
<Type name="opls_817" class="H817" element="H" mass="1.008000" />
<Type name="opls_822" class="C822" element="C" mass="12.011000" />
<Type name="opls_835" class="C835" element="C" mass="12.011000" />
<Type name="opls_833" class="H833" element="H" mass="1.008000" />
<Type name="opls_838" class="H838" element="H" mass="1.008000" />
<Type name="opls_831" class="H831" element="H" mass="1.008000" />
<Type name="opls_801" class="C801" element="C" mass="12.011000" />
<Type name="opls_803" class="O803" element="O" mass="15.999000" />
<Type name="opls_820" class="H820" element="H" mass="1.008000" />
<Type name="opls_834" class="C834" element="C" mass="12.011000" />
<Type name="opls_810" class="C810" element="C" mass="12.011000" />
<Type name="opls_807" class="C807" element="C" mass="12.011000" />
<Type name="opls_819" class="C819" element="C" mass="12.011000" />
<Type name="opls_821" class="H821" element="H" mass="1.008000" />
<Type name="opls_823" class="H823" element="H" mass="1.008000" />
<Type name="opls_816" class="C816" element="C" mass="12.011000" />
<Type name="opls_805" class="C805" element="C" mass="12.011000" />
<Type name="opls_811" class="H811" element="H" mass="1.008000" />
<Type name="opls_824" class="H824" element="H" mass="1.008000" />
<Type name="opls_829" class="H829" element="H" mass="1.008000" />
<Type name="opls_826" class="H826" element="H" mass="1.008000" />
<Type name="opls_809" class="C809" element="C" mass="12.011000" />
<Type name="opls_818" class="H818" element="H" mass="1.008000" />
<Type name="opls_802" class="C802" element="C" mass="12.011000" />
<Type name="opls_815" class="H815" element="H" mass="1.008000" />
<Type name="opls_813" class="C813" element="C" mass="12.011000" />
<Type name="opls_837" class="S837" element="S" mass="32.060000" />
<Type name="opls_814" class="C814" element="C" mass="12.011000" />
</AtomTypes>
<Residues>
<Residue name="UNK">
<Atom name="O00" type="opls_800" />
<Atom name="C01" type="opls_801" />
<Atom name="C02" type="opls_802" />
<Atom name="O03" type="opls_803" />
<Atom name="S04" type="opls_804" />
<Atom name="C05" type="opls_805" />
<Atom name="C06" type="opls_806" />
<Atom name="C07" type="opls_807" />
<Atom name="F08" type="opls_808" />
<Atom name="C09" type="opls_809" />
<Atom name="C0A" type="opls_810" />
<Atom name="H0B" type="opls_811" />
<Atom name="H0C" type="opls_812" />
<Atom name="C0D" type="opls_813" />
<Atom name="C0E" type="opls_814" />
<Atom name="H0F" type="opls_815" />
<Atom name="C0G" type="opls_816" />
<Atom name="H0H" type="opls_817" />
<Atom name="H0I" type="opls_818" />
<Atom name="C0J" type="opls_819" />
<Atom name="H0K" type="opls_820" />
<Atom name="H0M" type="opls_821" />
<Atom name="C0N" type="opls_822" />
<Atom name="H0O" type="opls_823" />
<Atom name="H0P" type="opls_824" />
<Atom name="C0Q" type="opls_825" />
<Atom name="H0R" type="opls_826" />
<Atom name="H0S" type="opls_827" />
<Atom name="H0T" type="opls_828" />
<Atom name="H0U" type="opls_829" />
<Atom name="H0V" type="opls_830" />
<Atom name="H0W" type="opls_831" />
<Atom name="H0X" type="opls_832" />
<Atom name="H0Y" type="opls_833" />
<Atom name="C0Z" type="opls_834" />
<Atom name="C10" type="opls_835" />
<Atom name="H11" type="opls_836" />
<Atom name="S12" type="opls_837" />
<Atom name="H13" type="opls_838" />
<Bond from="0" to="1"/>
<Bond from="1" to="2"/>
<Bond from="1" to="3"/>
<Bond from="2" to="4"/>
<Bond from="2" to="5"/>
<Bond from="3" to="6"/>
<Bond from="4" to="7"/>
<Bond from="5" to="8"/>
<Bond from="5" to="9"/>
<Bond from="6" to="10"/>
<Bond from="6" to="11"/>
<Bond from="6" to="12"/>
<Bond from="10" to="13"/>
<Bond from="10" to="14"/>
<Bond from="10" to="15"/>
<Bond from="13" to="16"/>
<Bond from="13" to="17"/>
<Bond from="13" to="18"/>
<Bond from="14" to="19"/>
<Bond from="14" to="20"/>
<Bond from="14" to="21"/>
<Bond from="16" to="22"/>
<Bond from="16" to="23"/>
<Bond from="16" to="24"/>
<Bond from="22" to="25"/>
<Bond from="22" to="26"/>
<Bond from="22" to="27"/>
<Bond from="25" to="28"/>
<Bond from="25" to="29"/>
<Bond from="25" to="30"/>
<Bond from="19" to="31"/>
<Bond from="19" to="32"/>
<Bond from="19" to="33"/>
<Bond from="7" to="34"/>
<Bond from="9" to="35"/>
<Bond from="34" to="36"/>
<Bond from="34" to="37"/>
<Bond from="35" to="38"/>
<Bond from="7" to="9"/>
<Bond from="35" to="37"/>
</Residue>
</Residues>
<HarmonicBondForce>
<Bond class1="C801" class2="O800" length="0.122900" k="476976.000000"/>
<Bond class1="C802" class2="C801" length="0.149000" k="334720.000000"/>
<Bond class1="O803" class2="C801" length="0.132700" k="179075.200000"/>
<Bond class1="S804" class2="C802" length="0.174000" k="209200.000000"/>
<Bond class1="C805" class2="C802" length="0.136700" k="456892.800000"/>
<Bond class1="C806" class2="O803" length="0.141000" k="267776.000000"/>
<Bond class1="C807" class2="S804" length="0.176000" k="209200.000000"/>
<Bond class1="F808" class2="C805" length="0.135400" k="351456.000000"/>
<Bond class1="C809" class2="C805" length="0.143300" k="357313.600000"/>
<Bond class1="C810" class2="C806" length="0.152900" k="224262.400000"/>
<Bond class1="H811" class2="C806" length="0.109000" k="284512.000000"/>
<Bond class1="H812" class2="C806" length="0.109000" k="284512.000000"/>
<Bond class1="C813" class2="C810" length="0.152900" k="224262.400000"/>
<Bond class1="C814" class2="C810" length="0.152900" k="224262.400000"/>
<Bond class1="H815" class2="C810" length="0.109000" k="284512.000000"/>
<Bond class1="C816" class2="C813" length="0.152900" k="224262.400000"/>
<Bond class1="H817" class2="C813" length="0.109000" k="284512.000000"/>
<Bond class1="H818" class2="C813" length="0.109000" k="284512.000000"/>
<Bond class1="C819" class2="C814" length="0.152900" k="224262.400000"/>
<Bond class1="H820" class2="C814" length="0.109000" k="284512.000000"/>
<Bond class1="H821" class2="C814" length="0.109000" k="284512.000000"/>
<Bond class1="C822" class2="C816" length="0.152900" k="224262.400000"/>
<Bond class1="H823" class2="C816" length="0.109000" k="284512.000000"/>
<Bond class1="H824" class2="C816" length="0.109000" k="284512.000000"/>
<Bond class1="C825" class2="C822" length="0.152900" k="224262.400000"/>
<Bond class1="H826" class2="C822" length="0.109000" k="284512.000000"/>
<Bond class1="H827" class2="C822" length="0.109000" k="284512.000000"/>
<Bond class1="H828" class2="C825" length="0.109000" k="284512.000000"/>
<Bond class1="H829" class2="C825" length="0.109000" k="284512.000000"/>
<Bond class1="H830" class2="C825" length="0.109000" k="284512.000000"/>
<Bond class1="H831" class2="C819" length="0.109000" k="284512.000000"/>
<Bond class1="H832" class2="C819" length="0.109000" k="284512.000000"/>
<Bond class1="H833" class2="C819" length="0.109000" k="284512.000000"/>
<Bond class1="C834" class2="C807" length="0.136700" k="456892.800000"/>
<Bond class1="C835" class2="C809" length="0.145400" k="402500.800000"/>
<Bond class1="H836" class2="C834" length="0.108000" k="307105.600000"/>
<Bond class1="S837" class2="C834" length="0.174000" k="209200.000000"/>
<Bond class1="H838" class2="C835" length="0.108000" k="307105.600000"/>
<Bond class1="C809" class2="C807" length="0.143300" k="357313.600000"/>
<Bond class1="S837" class2="C835" length="0.174000" k="209200.000000"/>
</HarmonicBondForce>
<HarmonicAngleForce>
<Angle class1="O800" class2="C801" class3="C802" angle="2.101376" k="669.440000"/>
<Angle class1="O800" class2="C801" class3="O803" angle="2.153736" k="694.544000"/>
<Angle class1="C801" class2="C802" class3="S804" angle="2.085843" k="521.242720"/>
<Angle class1="C801" class2="C802" class3="C805" angle="2.094395" k="711.280000"/>
<Angle class1="C801" class2="O803" class3="C806" angle="2.040290" k="694.544000"/>
<Angle class1="C802" class2="S804" class3="C807" angle="1.835039" k="561.827520"/>
<Angle class1="C802" class2="C805" class3="F808" angle="2.094395" k="669.440000"/>
<Angle class1="C802" class2="C805" class3="C809" angle="2.094395" k="527.184000"/>
<Angle class1="O803" class2="C806" class3="C810" angle="1.911136" k="418.400000"/>
<Angle class1="O803" class2="C806" class3="H811" angle="1.911136" k="292.880000"/>
<Angle class1="O803" class2="C806" class3="H812" angle="1.911136" k="292.880000"/>
<Angle class1="C806" class2="C810" class3="C813" angle="1.966986" k="488.272800"/>
<Angle class1="C806" class2="C810" class3="C814" angle="1.966986" k="488.272800"/>
<Angle class1="C806" class2="C810" class3="H815" angle="1.932079" k="313.800000"/>
<Angle class1="C810" class2="C813" class3="C816" angle="1.966986" k="488.272800"/>
<Angle class1="C810" class2="C813" class3="H817" angle="1.932079" k="313.800000"/>
<Angle class1="C810" class2="C813" class3="H818" angle="1.932079" k="313.800000"/>
<Angle class1="C810" class2="C814" class3="C819" angle="1.966986" k="488.272800"/>
<Angle class1="C810" class2="C814" class3="H820" angle="1.932079" k="313.800000"/>
<Angle class1="C810" class2="C814" class3="H821" angle="1.932079" k="313.800000"/>
<Angle class1="C813" class2="C816" class3="C822" angle="1.966986" k="488.272800"/>
<Angle class1="C813" class2="C816" class3="H823" angle="1.932079" k="313.800000"/>
<Angle class1="C813" class2="C816" class3="H824" angle="1.932079" k="313.800000"/>
<Angle class1="C816" class2="C822" class3="C825" angle="1.966986" k="488.272800"/>
<Angle class1="C816" class2="C822" class3="H826" angle="1.932079" k="313.800000"/>
<Angle class1="C816" class2="C822" class3="H827" angle="1.932079" k="313.800000"/>
<Angle class1="C822" class2="C825" class3="H828" angle="1.932079" k="313.800000"/>
<Angle class1="C822" class2="C825" class3="H829" angle="1.932079" k="313.800000"/>
<Angle class1="C822" class2="C825" class3="H830" angle="1.932079" k="313.800000"/>
<Angle class1="C814" class2="C819" class3="H831" angle="1.932079" k="313.800000"/>
<Angle class1="C814" class2="C819" class3="H832" angle="1.932079" k="313.800000"/>
<Angle class1="C814" class2="C819" class3="H833" angle="1.932079" k="313.800000"/>
<Angle class1="S804" class2="C807" class3="C834" angle="2.083923" k="711.280000"/>
<Angle class1="C805" class2="C809" class3="C835" angle="2.094395" k="527.184000"/>
<Angle class1="C807" class2="C834" class3="H836" angle="2.305580" k="292.880000"/>
<Angle class1="C807" class2="C834" class3="S837" angle="2.268928" k="543.920000"/>
<Angle class1="C809" class2="C835" class3="H838" angle="2.281145" k="292.880000"/>
<Angle class1="C810" class2="C806" class3="H812" angle="1.932079" k="313.800000"/>
<Angle class1="H823" class2="C816" class3="H824" angle="1.881465" k="276.144000"/>
<Angle class1="C807" class2="C809" class3="C835" angle="2.094395" k="527.184000"/>
<Angle class1="H836" class2="C834" class3="S837" angle="2.181662" k="292.880000"/>
<Angle class1="C834" class2="S837" class3="C835" angle="1.692969" k="619.232000"/>
<Angle class1="C813" class2="C810" class3="C814" angle="1.966986" k="488.272800"/>
<Angle class1="H820" class2="C814" class3="H821" angle="1.881465" k="276.144000"/>
<Angle class1="H811" class2="C806" class3="H812" angle="1.881465" k="276.144000"/>
<Angle class1="C819" class2="C814" class3="H820" angle="1.932079" k="313.800000"/>
<Angle class1="C819" class2="C814" class3="H821" angle="1.932079" k="313.800000"/>
<Angle class1="C805" class2="C809" class3="C807" angle="2.094395" k="527.184000"/>
<Angle class1="H829" class2="C825" class3="H830" angle="1.881465" k="276.144000"/>
<Angle class1="C816" class2="C813" class3="H818" angle="1.932079" k="313.800000"/>
<Angle class1="C825" class2="C822" class3="H826" angle="1.932079" k="313.800000"/>
<Angle class1="H831" class2="C819" class3="H832" angle="1.881465" k="276.144000"/>
<Angle class1="C810" class2="C806" class3="H811" angle="1.932079" k="313.800000"/>
<Angle class1="S804" class2="C807" class3="C809" angle="2.083923" k="711.280000"/>
<Angle class1="H817" class2="C813" class3="H818" angle="1.881465" k="276.144000"/>
<Angle class1="C802" class2="C801" class3="O803" angle="1.944297" k="677.808000"/>
<Angle class1="C809" class2="C807" class3="C834" angle="2.094395" k="527.184000"/>
<Angle class1="F808" class2="C805" class3="C809" angle="2.094395" k="669.440000"/>
<Angle class1="H831" class2="C819" class3="H833" angle="1.881465" k="276.144000"/>
<Angle class1="C814" class2="C810" class3="H815" angle="1.932079" k="313.800000"/>
<Angle class1="C822" class2="C816" class3="H823" angle="1.932079" k="313.800000"/>
<Angle class1="H828" class2="C825" class3="H830" angle="1.881465" k="276.144000"/>
<Angle class1="H828" class2="C825" class3="H829" angle="1.881465" k="276.144000"/>
<Angle class1="C813" class2="C810" class3="H815" angle="1.932079" k="313.800000"/>
<Angle class1="H832" class2="C819" class3="H833" angle="1.881465" k="276.144000"/>
<Angle class1="S804" class2="C802" class3="C805" angle="2.268928" k="543.920000"/>
<Angle class1="C816" class2="C813" class3="H817" angle="1.932079" k="313.800000"/>
<Angle class1="C822" class2="C816" class3="H824" angle="1.932079" k="313.800000"/>
<Angle class1="H826" class2="C822" class3="H827" angle="1.881465" k="276.144000"/>
<Angle class1="C809" class2="C835" class3="S837" angle="2.083923" k="711.280000"/>
<Angle class1="S837" class2="C835" class3="H838" angle="2.181662" k="292.880000"/>
<Angle class1="C825" class2="C822" class3="H827" angle="1.932079" k="313.800000"/>
</HarmonicAngleForce>
<PeriodicTorsionForce>
<Proper class1="C805" class2="C802" class3="C801" class4="O800" k1="1.569000" k2="3.138000" k3="0.000000" k4="0.000000" periodicity1="1" periodicity2="2" periodicity3="3" periodicity4="4" phase1="0.00" phase2="3.141592653589793" phase3="0.00" phase4="3.141592653589793"/>
<Proper class1="C805" class2="C802" class3="C801" class4="O803" k1="1.569000" k2="3.138000" k3="0.000000" k4="0.000000" periodicity1="1" periodicity2="2" periodicity3="3" periodicity4="4" phase1="0.00" phase2="3.141592653589793" phase3="0.00" phase4="3.141592653589793"/>
<Proper class1="C805" class2="C809" class3="C807" class4="S804" k1="0.000000" k2="15.167000" k3="0.000000" k4="0.000000" periodicity1="1" periodicity2="2" periodicity3="3" periodicity4="4" phase1="0.00" phase2="3.141592653589793" phase3="0.00" phase4="3.141592653589793"/>
<Proper class1="C806" class2="O803" class3="C801" class4="C802" k1="9.767548" k2="10.719408" k3="0.000000" k4="0.000000" periodicity1="1" periodicity2="2" periodicity3="3" periodicity4="4" phase1="0.00" phase2="3.141592653589793" phase3="0.00" phase4="3.141592653589793"/>
<Proper class1="C806" class2="O803" class3="C801" class4="O800" k1="0.000000" k2="10.719408" k3="0.000000" k4="0.000000" periodicity1="1" periodicity2="2" periodicity3="3" periodicity4="4" phase1="0.00" phase2="3.141592653589793" phase3="0.00" phase4="3.141592653589793"/>
<Proper class1="C807" class2="C809" class3="C805" class4="C802" k1="0.000000" k2="15.167000" k3="0.000000" k4="0.000000" periodicity1="1" periodicity2="2" periodicity3="3" periodicity4="4" phase1="0.00" phase2="3.141592653589793" phase3="0.00" phase4="3.141592653589793"/>
<Proper class1="C807" class2="S804" class3="C802" class4="C801" k1="0.000000" k2="4.499892" k3="0.000000" k4="0.617140" periodicity1="1" periodicity2="2" periodicity3="3" periodicity4="4" phase1="0.00" phase2="3.141592653589793" phase3="0.00" phase4="3.141592653589793"/>
<Proper class1="C807" class2="S804" class3="C802" class4="C805" k1="0.000000" k2="4.499892" k3="0.000000" k4="0.617140" periodicity1="1" periodicity2="2" periodicity3="3" periodicity4="4" phase1="0.00" phase2="3.141592653589793" phase3="0.00" phase4="3.141592653589793"/>
<Proper class1="C809" class2="C805" class3="C802" class4="C801" k1="0.000000" k2="15.167000" k3="0.000000" k4="0.000000" periodicity1="1" periodicity2="2" periodicity3="3" periodicity4="4" phase1="0.00" phase2="3.141592653589793" phase3="0.00" phase4="3.141592653589793"/>
<Proper class1="C809" class2="C805" class3="C802" class4="S804" k1="0.000000" k2="15.167000" k3="0.000000" k4="0.000000" periodicity1="1" periodicity2="2" periodicity3="3" periodicity4="4" phase1="0.00" phase2="3.141592653589793" phase3="0.00" phase4="3.141592653589793"/>
<Proper class1="C809" class2="C807" class3="S804" class4="C802" k1="1.935100" k2="-1.204992" k3="1.416284" k4="0.000000" periodicity1="1" periodicity2="2" periodicity3="3" periodicity4="4" phase1="0.00" phase2="3.141592653589793" phase3="0.00" phase4="3.141592653589793"/>
<Proper class1="C810" class2="C806" class3="O803" class4="C801" k1="-2.552240" k2="-0.263592" k3="0.882824" k4="0.000000" periodicity1="1" periodicity2="2" periodicity3="3" periodicity4="4" phase1="0.00" phase2="3.141592653589793" phase3="0.00" phase4="3.141592653589793"/>
<Proper class1="C813" class2="C810" class3="C806" class4="H811" k1="0.000000" k2="0.000000" k3="0.627600" k4="0.000000" periodicity1="1" periodicity2="2" periodicity3="3" periodicity4="4" phase1="0.00" phase2="3.141592653589793" phase3="0.00" phase4="3.141592653589793"/>
<Proper class1="C813" class2="C810" class3="C806" class4="H812" k1="0.000000" k2="0.000000" k3="0.627600" k4="0.000000" periodicity1="1" periodicity2="2" periodicity3="3" periodicity4="4" phase1="0.00" phase2="3.141592653589793" phase3="0.00" phase4="3.141592653589793"/>
<Proper class1="C813" class2="C810" class3="C806" class4="O803" k1="3.579412" k2="-1.046000" k3="1.386996" k4="0.000000" periodicity1="1" periodicity2="2" periodicity3="3" periodicity4="4" phase1="0.00" phase2="3.141592653589793" phase3="0.00" phase4="3.141592653589793"/>
<Proper class1="C814" class2="C810" class3="C806" class4="H811" k1="0.000000" k2="0.000000" k3="0.627600" k4="0.000000" periodicity1="1" periodicity2="2" periodicity3="3" periodicity4="4" phase1="0.00" phase2="3.141592653589793" phase3="0.00" phase4="3.141592653589793"/>
<Proper class1="C814" class2="C810" class3="C806" class4="H812" k1="0.000000" k2="0.000000" k3="0.627600" k4="0.000000" periodicity1="1" periodicity2="2" periodicity3="3" periodicity4="4" phase1="0.00" phase2="3.141592653589793" phase3="0.00" phase4="3.141592653589793"/>
<Proper class1="C814" class2="C810" class3="C806" class4="O803" k1="3.579412" k2="-1.046000" k3="1.386996" k4="0.000000" periodicity1="1" periodicity2="2" periodicity3="3" periodicity4="4" phase1="0.00" phase2="3.141592653589793" phase3="0.00" phase4="3.141592653589793"/>
<Proper class1="C816" class2="C813" class3="C810" class4="C806" k1="2.719600" k2="-0.418400" k3="0.418400" k4="0.000000" periodicity1="1" periodicity2="2" periodicity3="3" periodicity4="4" phase1="0.00" phase2="3.141592653589793" phase3="0.00" phase4="3.141592653589793"/>
<Proper class1="C816" class2="C813" class3="C810" class4="C814" k1="2.719600" k2="-0.418400" k3="0.418400" k4="0.000000" periodicity1="1" periodicity2="2" periodicity3="3" periodicity4="4" phase1="0.00" phase2="3.141592653589793" phase3="0.00" phase4="3.141592653589793"/>
<Proper class1="C816" class2="C813" class3="C810" class4="H815" k1="0.000000" k2="0.000000" k3="0.627600" k4="0.000000" periodicity1="1" periodicity2="2" periodicity3="3" periodicity4="4" phase1="0.00" phase2="3.141592653589793" phase3="0.00" phase4="3.141592653589793"/>
<Proper class1="C819" class2="C814" class3="C810" class4="C806" k1="2.719600" k2="-0.418400" k3="0.418400" k4="0.000000" periodicity1="1" periodicity2="2" periodicity3="3" periodicity4="4" phase1="0.00" phase2="3.141592653589793" phase3="0.00" phase4="3.141592653589793"/>
<Proper class1="C819" class2="C814" class3="C810" class4="C813" k1="2.719600" k2="-0.418400" k3="0.418400" k4="0.000000" periodicity1="1" periodicity2="2" periodicity3="3" periodicity4="4" phase1="0.00" phase2="3.141592653589793" phase3="0.00" phase4="3.141592653589793"/>
<Proper class1="C819" class2="C814" class3="C810" class4="H815" k1="0.000000" k2="0.000000" k3="0.627600" k4="0.000000" periodicity1="1" periodicity2="2" periodicity3="3" periodicity4="4" phase1="0.00" phase2="3.141592653589793" phase3="0.00" phase4="3.141592653589793"/>
<Proper class1="C822" class2="C816" class3="C813" class4="C810" k1="2.719600" k2="-0.418400" k3="0.418400" k4="0.000000" periodicity1="1" periodicity2="2" periodicity3="3" periodicity4="4" phase1="0.00" phase2="3.141592653589793" phase3="0.00" phase4="3.141592653589793"/>
<Proper class1="C822" class2="C816" class3="C813" class4="H817" k1="0.000000" k2="0.000000" k3="0.627600" k4="0.000000" periodicity1="1" periodicity2="2" periodicity3="3" periodicity4="4" phase1="0.00" phase2="3.141592653589793" phase3="0.00" phase4="3.141592653589793"/>
<Proper class1="C822" class2="C816" class3="C813" class4="H818" k1="0.000000" k2="0.000000" k3="0.627600" k4="0.000000" periodicity1="1" periodicity2="2" periodicity3="3" periodicity4="4" phase1="0.00" phase2="3.141592653589793" phase3="0.00" phase4="3.141592653589793"/>
<Proper class1="C825" class2="C822" class3="C816" class4="C813" k1="2.719600" k2="-0.418400" k3="0.418400" k4="0.000000" periodicity1="1" periodicity2="2" periodicity3="3" periodicity4="4" phase1="0.00" phase2="3.141592653589793" phase3="0.00" phase4="3.141592653589793"/>
<Proper class1="C825" class2="C822" class3="C816" class4="H823" k1="0.000000" k2="0.000000" k3="0.627600" k4="0.000000" periodicity1="1" periodicity2="2" periodicity3="3" periodicity4="4" phase1="0.00" phase2="3.141592653589793" phase3="0.00" phase4="3.141592653589793"/>
<Proper class1="C825" class2="C822" class3="C816" class4="H824" k1="0.000000" k2="0.000000" k3="0.627600" k4="0.000000" periodicity1="1" periodicity2="2" periodicity3="3" periodicity4="4" phase1="0.00" phase2="3.141592653589793" phase3="0.00" phase4="3.141592653589793"/>
<Proper class1="C834" class2="C807" class3="C809" class4="C805" k1="0.000000" k2="15.167000" k3="0.000000" k4="0.000000" periodicity1="1" periodicity2="2" periodicity3="3" periodicity4="4" phase1="0.00" phase2="3.141592653589793" phase3="0.00" phase4="3.141592653589793"/>
<Proper class1="C834" class2="C807" class3="S804" class4="C802" k1="1.935100" k2="-1.204992" k3="1.416284" k4="0.000000" periodicity1="1" periodicity2="2" periodicity3="3" periodicity4="4" phase1="0.00" phase2="3.141592653589793" phase3="0.00" phase4="3.141592653589793"/>
<Proper class1="C834" class2="S837" class3="C835" class4="C809" k1="0.000000" k2="4.499892" k3="0.000000" k4="0.617140" periodicity1="1" periodicity2="2" periodicity3="3" periodicity4="4" phase1="0.00" phase2="3.141592653589793" phase3="0.00" phase4="3.141592653589793"/>
<Proper class1="C835" class2="C809" class3="C805" class4="C802" k1="0.000000" k2="15.167000" k3="0.000000" k4="0.000000" periodicity1="1" periodicity2="2" periodicity3="3" periodicity4="4" phase1="0.00" phase2="3.141592653589793" phase3="0.00" phase4="3.141592653589793"/>
<Proper class1="C835" class2="C809" class3="C805" class4="F808" k1="1.046000" k2="0.000000" k3="0.000000" k4="0.000000" periodicity1="1" periodicity2="2" periodicity3="3" periodicity4="4" phase1="0.00" phase2="3.141592653589793" phase3="0.00" phase4="3.141592653589793"/>
<Proper class1="C835" class2="C809" class3="C807" class4="C834" k1="0.000000" k2="15.167000" k3="0.000000" k4="0.000000" periodicity1="1" periodicity2="2" periodicity3="3" periodicity4="4" phase1="0.00" phase2="3.141592653589793" phase3="0.00" phase4="3.141592653589793"/>
<Proper class1="C835" class2="C809" class3="C807" class4="S804" k1="0.000000" k2="4.539640" k3="0.000000" k4="0.000000" periodicity1="1" periodicity2="2" periodicity3="3" periodicity4="4" phase1="0.00" phase2="3.141592653589793" phase3="0.00" phase4="3.141592653589793"/>
<Proper class1="C835" class2="S837" class3="C834" class4="C807" k1="0.000000" k2="4.499892" k3="0.000000" k4="0.617140" periodicity1="1" periodicity2="2" periodicity3="3" periodicity4="4" phase1="0.00" phase2="3.141592653589793" phase3="0.00" phase4="3.141592653589793"/>
<Proper class1="F808" class2="C805" class3="C802" class4="C801" k1="0.000000" k2="15.167000" k3="0.000000" k4="0.000000" periodicity1="1" periodicity2="2" periodicity3="3" periodicity4="4" phase1="0.00" phase2="3.141592653589793" phase3="0.00" phase4="3.141592653589793"/>
<Proper class1="F808" class2="C805" class3="C802" class4="S804" k1="0.000000" k2="15.167000" k3="0.000000" k4="0.000000" periodicity1="1" periodicity2="2" periodicity3="3" periodicity4="4" phase1="0.00" phase2="3.141592653589793" phase3="0.00" phase4="3.141592653589793"/>
<Proper class1="F808" class2="C805" class3="C809" class4="C807" k1="1.046000" k2="0.000000" k3="0.000000" k4="0.000000" periodicity1="1" periodicity2="2" periodicity3="3" periodicity4="4" phase1="0.00" phase2="3.141592653589793" phase3="0.00" phase4="3.141592653589793"/>
<Proper class1="H811" class2="C806" class3="O803" class4="C801" k1="0.000000" k2="0.000000" k3="0.414216" k4="0.000000" periodicity1="1" periodicity2="2" periodicity3="3" periodicity4="4" phase1="0.00" phase2="3.141592653589793" phase3="0.00" phase4="3.141592653589793"/>
<Proper class1="H812" class2="C806" class3="O803" class4="C801" k1="0.000000" k2="0.000000" k3="0.414216" k4="0.000000" periodicity1="1" periodicity2="2" periodicity3="3" periodicity4="4" phase1="0.00" phase2="3.141592653589793" phase3="0.00" phase4="3.141592653589793"/>
<Proper class1="H815" class2="C810" class3="C806" class4="H811" k1="0.000000" k2="0.000000" k3="0.627600" k4="0.000000" periodicity1="1" periodicity2="2" periodicity3="3" periodicity4="4" phase1="0.00" phase2="3.141592653589793" phase3="0.00" phase4="3.141592653589793"/>
<Proper class1="H815" class2="C810" class3="C806" class4="H812" k1="0.000000" k2="0.000000" k3="0.627600" k4="0.000000" periodicity1="1" periodicity2="2" periodicity3="3" periodicity4="4" phase1="0.00" phase2="3.141592653589793" phase3="0.00" phase4="3.141592653589793"/>
<Proper class1="H815" class2="C810" class3="C806" class4="O803" k1="0.000000" k2="0.000000" k3="0.979056" k4="0.000000" periodicity1="1" periodicity2="2" periodicity3="3" periodicity4="4" phase1="0.00" phase2="3.141592653589793" phase3="0.00" phase4="3.141592653589793"/>
<Proper class1="H817" class2="C813" class3="C810" class4="C806" k1="0.000000" k2="0.000000" k3="0.627600" k4="0.000000" periodicity1="1" periodicity2="2" periodicity3="3" periodicity4="4" phase1="0.00" phase2="3.141592653589793" phase3="0.00" phase4="3.141592653589793"/>
<Proper class1="H817" class2="C813" class3="C810" class4="C814" k1="0.000000" k2="0.000000" k3="0.627600" k4="0.000000" periodicity1="1" periodicity2="2" periodicity3="3" periodicity4="4" phase1="0.00" phase2="3.141592653589793" phase3="0.00" phase4="3.141592653589793"/>
<Proper class1="H817" class2="C813" class3="C810" class4="H815" k1="0.000000" k2="0.000000" k3="0.627600" k4="0.000000" periodicity1="1" periodicity2="2" periodicity3="3" periodicity4="4" phase1="0.00" phase2="3.141592653589793" phase3="0.00" phase4="3.141592653589793"/>
<Proper class1="H818" class2="C813" class3="C810" class4="C806" k1="0.000000" k2="0.000000" k3="0.627600" k4="0.000000" periodicity1="1" periodicity2="2" periodicity3="3" periodicity4="4" phase1="0.00" phase2="3.141592653589793" phase3="0.00" phase4="3.141592653589793"/>
<Proper class1="H818" class2="C813" class3="C810" class4="C814" k1="0.000000" k2="0.000000" k3="0.627600" k4="0.000000" periodicity1="1" periodicity2="2" periodicity3="3" periodicity4="4" phase1="0.00" phase2="3.141592653589793" phase3="0.00" phase4="3.141592653589793"/>
<Proper class1="H818" class2="C813" class3="C810" class4="H815" k1="0.000000" k2="0.000000" k3="0.627600" k4="0.000000" periodicity1="1" periodicity2="2" periodicity3="3" periodicity4="4" phase1="0.00" phase2="3.141592653589793" phase3="0.00" phase4="3.141592653589793"/>
<Proper class1="H820" class2="C814" class3="C810" class4="C806" k1="0.000000" k2="0.000000" k3="0.627600" k4="0.000000" periodicity1="1" periodicity2="2" periodicity3="3" periodicity4="4" phase1="0.00" phase2="3.141592653589793" phase3="0.00" phase4="3.141592653589793"/>
<Proper class1="H820" class2="C814" class3="C810" class4="C813" k1="0.000000" k2="0.000000" k3="0.627600" k4="0.000000" periodicity1="1" periodicity2="2" periodicity3="3" periodicity4="4" phase1="0.00" phase2="3.141592653589793" phase3="0.00" phase4="3.141592653589793"/>
<Proper class1="H820" class2="C814" class3="C810" class4="H815" k1="0.000000" k2="0.000000" k3="0.627600" k4="0.000000" periodicity1="1" periodicity2="2" periodicity3="3" periodicity4="4" phase1="0.00" phase2="3.141592653589793" phase3="0.00" phase4="3.141592653589793"/>
<Proper class1="H821" class2="C814" class3="C810" class4="C806" k1="0.000000" k2="0.000000" k3="0.627600" k4="0.000000" periodicity1="1" periodicity2="2" periodicity3="3" periodicity4="4" phase1="0.00" phase2="3.141592653589793" phase3="0.00" phase4="3.141592653589793"/>
<Proper class1="H821" class2="C814" class3="C810" class4="C813" k1="0.000000" k2="0.000000" k3="0.627600" k4="0.000000" periodicity1="1" periodicity2="2" periodicity3="3" periodicity4="4" phase1="0.00" phase2="3.141592653589793" phase3="0.00" phase4="3.141592653589793"/>
<Proper class1="H821" class2="C814" class3="C810" class4="H815" k1="0.000000" k2="0.000000" k3="0.627600" k4="0.000000" periodicity1="1" periodicity2="2" periodicity3="3" periodicity4="4" phase1="0.00" phase2="3.141592653589793" phase3="0.00" phase4="3.141592653589793"/>
<Proper class1="H823" class2="C816" class3="C813" class4="C810" k1="0.000000" k2="0.000000" k3="0.627600" k4="0.000000" periodicity1="1" periodicity2="2" periodicity3="3" periodicity4="4" phase1="0.00" phase2="3.141592653589793" phase3="0.00" phase4="3.141592653589793"/>
<Proper class1="H823" class2="C816" class3="C813" class4="H817" k1="0.000000" k2="0.000000" k3="0.627600" k4="0.000000" periodicity1="1" periodicity2="2" periodicity3="3" periodicity4="4" phase1="0.00" phase2="3.141592653589793" phase3="0.00" phase4="3.141592653589793"/>
<Proper class1="H823" class2="C816" class3="C813" class4="H818" k1="0.000000" k2="0.000000" k3="0.627600" k4="0.000000" periodicity1="1" periodicity2="2" periodicity3="3" periodicity4="4" phase1="0.00" phase2="3.141592653589793" phase3="0.00" phase4="3.141592653589793"/>
<Proper class1="H824" class2="C816" class3="C813" class4="C810" k1="0.000000" k2="0.000000" k3="0.627600" k4="0.000000" periodicity1="1" periodicity2="2" periodicity3="3" periodicity4="4" phase1="0.00" phase2="3.141592653589793" phase3="0.00" phase4="3.141592653589793"/>
<Proper class1="H824" class2="C816" class3="C813" class4="H817" k1="0.000000" k2="0.000000" k3="0.627600" k4="0.000000" periodicity1="1" periodicity2="2" periodicity3="3" periodicity4="4" phase1="0.00" phase2="3.141592653589793" phase3="0.00" phase4="3.141592653589793"/>
<Proper class1="H824" class2="C816" class3="C813" class4="H818" k1="0.000000" k2="0.000000" k3="0.627600" k4="0.000000" periodicity1="1" periodicity2="2" periodicity3="3" periodicity4="4" phase1="0.00" phase2="3.141592653589793" phase3="0.00" phase4="3.141592653589793"/>
<Proper class1="H826" class2="C822" class3="C816" class4="C813" k1="0.000000" k2="0.000000" k3="0.627600" k4="0.000000" periodicity1="1" periodicity2="2" periodicity3="3" periodicity4="4" phase1="0.00" phase2="3.141592653589793" phase3="0.00" phase4="3.141592653589793"/>
<Proper class1="H826" class2="C822" class3="C816" class4="H823" k1="0.000000" k2="0.000000" k3="0.627600" k4="0.000000" periodicity1="1" periodicity2="2" periodicity3="3" periodicity4="4" phase1="0.00" phase2="3.141592653589793" phase3="0.00" phase4="3.141592653589793"/>
<Proper class1="H826" class2="C822" class3="C816" class4="H824" k1="0.000000" k2="0.000000" k3="0.627600" k4="0.000000" periodicity1="1" periodicity2="2" periodicity3="3" periodicity4="4" phase1="0.00" phase2="3.141592653589793" phase3="0.00" phase4="3.141592653589793"/>
<Proper class1="H827" class2="C822" class3="C816" class4="C813" k1="0.000000" k2="0.000000" k3="0.627600" k4="0.000000" periodicity1="1" periodicity2="2" periodicity3="3" periodicity4="4" phase1="0.00" phase2="3.141592653589793" phase3="0.00" phase4="3.141592653589793"/>
<Proper class1="H827" class2="C822" class3="C816" class4="H823" k1="0.000000" k2="0.000000" k3="0.627600" k4="0.000000" periodicity1="1" periodicity2="2" periodicity3="3" periodicity4="4" phase1="0.00" phase2="3.141592653589793" phase3="0.00" phase4="3.141592653589793"/>
<Proper class1="H827" class2="C822" class3="C816" class4="H824" k1="0.000000" k2="0.000000" k3="0.627600" k4="0.000000" periodicity1="1" periodicity2="2" periodicity3="3" periodicity4="4" phase1="0.00" phase2="3.141592653589793" phase3="0.00" phase4="3.141592653589793"/>
<Proper class1="H828" class2="C825" class3="C822" class4="C816" k1="0.000000" k2="0.000000" k3="0.627600" k4="0.000000" periodicity1="1" periodicity2="2" periodicity3="3" periodicity4="4" phase1="0.00" phase2="3.141592653589793" phase3="0.00" phase4="3.141592653589793"/>
<Proper class1="H828" class2="C825" class3="C822" class4="H826" k1="0.000000" k2="0.000000" k3="0.627600" k4="0.000000" periodicity1="1" periodicity2="2" periodicity3="3" periodicity4="4" phase1="0.00" phase2="3.141592653589793" phase3="0.00" phase4="3.141592653589793"/>
<Proper class1="H828" class2="C825" class3="C822" class4="H827" k1="0.000000" k2="0.000000" k3="0.627600" k4="0.000000" periodicity1="1" periodicity2="2" periodicity3="3" periodicity4="4" phase1="0.00" phase2="3.141592653589793" phase3="0.00" phase4="3.141592653589793"/>
<Proper class1="H829" class2="C825" class3="C822" class4="C816" k1="0.000000" k2="0.000000" k3="0.627600" k4="0.000000" periodicity1="1" periodicity2="2" periodicity3="3" periodicity4="4" phase1="0.00" phase2="3.141592653589793" phase3="0.00" phase4="3.141592653589793"/>
<Proper class1="H829" class2="C825" class3="C822" class4="H826" k1="0.000000" k2="0.000000" k3="0.627600" k4="0.000000" periodicity1="1" periodicity2="2" periodicity3="3" periodicity4="4" phase1="0.00" phase2="3.141592653589793" phase3="0.00" phase4="3.141592653589793"/>
<Proper class1="H829" class2="C825" class3="C822" class4="H827" k1="0.000000" k2="0.000000" k3="0.627600" k4="0.000000" periodicity1="1" periodicity2="2" periodicity3="3" periodicity4="4" phase1="0.00" phase2="3.141592653589793" phase3="0.00" phase4="3.141592653589793"/>
<Proper class1="H830" class2="C825" class3="C822" class4="C816" k1="0.000000" k2="0.000000" k3="0.627600" k4="0.000000" periodicity1="1" periodicity2="2" periodicity3="3" periodicity4="4" phase1="0.00" phase2="3.141592653589793" phase3="0.00" phase4="3.141592653589793"/>
<Proper class1="H830" class2="C825" class3="C822" class4="H826" k1="0.000000" k2="0.000000" k3="0.627600" k4="0.000000" periodicity1="1" periodicity2="2" periodicity3="3" periodicity4="4" phase1="0.00" phase2="3.141592653589793" phase3="0.00" phase4="3.141592653589793"/>
<Proper class1="H830" class2="C825" class3="C822" class4="H827" k1="0.000000" k2="0.000000" k3="0.627600" k4="0.000000" periodicity1="1" periodicity2="2" periodicity3="3" periodicity4="4" phase1="0.00" phase2="3.141592653589793" phase3="0.00" phase4="3.141592653589793"/>
<Proper class1="H831" class2="C819" class3="C814" class4="C810" k1="0.000000" k2="0.000000" k3="0.627600" k4="0.000000" periodicity1="1" periodicity2="2" periodicity3="3" periodicity4="4" phase1="0.00" phase2="3.141592653589793" phase3="0.00" phase4="3.141592653589793"/>
<Proper class1="H831" class2="C819" class3="C814" class4="H820" k1="0.000000" k2="0.000000" k3="0.627600" k4="0.000000" periodicity1="1" periodicity2="2" periodicity3="3" periodicity4="4" phase1="0.00" phase2="3.141592653589793" phase3="0.00" phase4="3.141592653589793"/>
<Proper class1="H831" class2="C819" class3="C814" class4="H821" k1="0.000000" k2="0.000000" k3="0.627600" k4="0.000000" periodicity1="1" periodicity2="2" periodicity3="3" periodicity4="4" phase1="0.00" phase2="3.141592653589793" phase3="0.00" phase4="3.141592653589793"/>
<Proper class1="H832" class2="C819" class3="C814" class4="C810" k1="0.000000" k2="0.000000" k3="0.627600" k4="0.000000" periodicity1="1" periodicity2="2" periodicity3="3" periodicity4="4" phase1="0.00" phase2="3.141592653589793" phase3="0.00" phase4="3.141592653589793"/>
<Proper class1="H832" class2="C819" class3="C814" class4="H820" k1="0.000000" k2="0.000000" k3="0.627600" k4="0.000000" periodicity1="1" periodicity2="2" periodicity3="3" periodicity4="4" phase1="0.00" phase2="3.141592653589793" phase3="0.00" phase4="3.141592653589793"/>
<Proper class1="H832" class2="C819" class3="C814" class4="H821" k1="0.000000" k2="0.000000" k3="0.627600" k4="0.000000" periodicity1="1" periodicity2="2" periodicity3="3" periodicity4="4" phase1="0.00" phase2="3.141592653589793" phase3="0.00" phase4="3.141592653589793"/>
<Proper class1="H833" class2="C819" class3="C814" class4="C810" k1="0.000000" k2="0.000000" k3="0.627600" k4="0.000000" periodicity1="1" periodicity2="2" periodicity3="3" periodicity4="4" phase1="0.00" phase2="3.141592653589793" phase3="0.00" phase4="3.141592653589793"/>
<Proper class1="H833" class2="C819" class3="C814" class4="H820" k1="0.000000" k2="0.000000" k3="0.627600" k4="0.000000" periodicity1="1" periodicity2="2" periodicity3="3" periodicity4="4" phase1="0.00" phase2="3.141592653589793" phase3="0.00" phase4="3.141592653589793"/>
<Proper class1="H833" class2="C819" class3="C814" class4="H821" k1="0.000000" k2="0.000000" k3="0.627600" k4="0.000000" periodicity1="1" periodicity2="2" periodicity3="3" periodicity4="4" phase1="0.00" phase2="3.141592653589793" phase3="0.00" phase4="3.141592653589793"/>
<Proper class1="H836" class2="C834" class3="C807" class4="C809" k1="0.000000" k2="15.167000" k3="0.000000" k4="0.000000" periodicity1="1" periodicity2="2" periodicity3="3" periodicity4="4" phase1="0.00" phase2="3.141592653589793" phase3="0.00" phase4="3.141592653589793"/>
<Proper class1="H836" class2="C834" class3="C807" class4="S804" k1="0.000000" k2="15.167000" k3="0.000000" k4="0.000000" periodicity1="1" periodicity2="2" periodicity3="3" periodicity4="4" phase1="0.00" phase2="3.141592653589793" phase3="0.00" phase4="3.141592653589793"/>
<Proper class1="H836" class2="C834" class3="S837" class4="C835" k1="0.000000" k2="15.167000" k3="0.000000" k4="0.000000" periodicity1="1" periodicity2="2" periodicity3="3" periodicity4="4" phase1="0.00" phase2="3.141592653589793" phase3="0.00" phase4="3.141592653589793"/>
<Proper class1="H838" class2="C835" class3="C809" class4="C805" k1="0.000000" k2="15.167000" k3="0.000000" k4="0.000000" periodicity1="1" periodicity2="2" periodicity3="3" periodicity4="4" phase1="0.00" phase2="3.141592653589793" phase3="0.00" phase4="3.141592653589793"/>
<Proper class1="H838" class2="C835" class3="C809" class4="C807" k1="0.000000" k2="15.167000" k3="0.000000" k4="0.000000" periodicity1="1" periodicity2="2" periodicity3="3" periodicity4="4" phase1="0.00" phase2="3.141592653589793" phase3="0.00" phase4="3.141592653589793"/>
<Proper class1="H838" class2="C835" class3="S837" class4="C834" k1="0.000000" k2="15.167000" k3="0.000000" k4="0.000000" periodicity1="1" periodicity2="2" periodicity3="3" periodicity4="4" phase1="0.00" phase2="3.141592653589793" phase3="0.00" phase4="3.141592653589793"/>
<Proper class1="S804" class2="C802" class3="C801" class4="O800" k1="-1.569000" k2="3.138000" k3="0.000000" k4="0.000000" periodicity1="1" periodicity2="2" periodicity3="3" periodicity4="4" phase1="0.00" phase2="3.141592653589793" phase3="0.00" phase4="3.141592653589793"/>
<Proper class1="S804" class2="C802" class3="C801" class4="O803" k1="0.000000" k2="15.167000" k3="0.000000" k4="0.000000" periodicity1="1" periodicity2="2" periodicity3="3" periodicity4="4" phase1="0.00" phase2="3.141592653589793" phase3="0.00" phase4="3.141592653589793"/>
<Proper class1="S837" class2="C834" class3="C807" class4="C809" k1="0.000000" k2="15.167000" k3="0.000000" k4="0.000000" periodicity1="1" periodicity2="2" periodicity3="3" periodicity4="4" phase1="0.00" phase2="3.141592653589793" phase3="0.00" phase4="3.141592653589793"/>
<Proper class1="S837" class2="C834" class3="C807" class4="S804" k1="0.000000" k2="15.167000" k3="0.000000" k4="0.000000" periodicity1="1" periodicity2="2" periodicity3="3" periodicity4="4" phase1="0.00" phase2="3.141592653589793" phase3="0.00" phase4="3.141592653589793"/>
<Proper class1="S837" class2="C835" class3="C809" class4="C805" k1="0.000000" k2="15.167000" k3="0.000000" k4="0.000000" periodicity1="1" periodicity2="2" periodicity3="3" periodicity4="4" phase1="0.00" phase2="3.141592653589793" phase3="0.00" phase4="3.141592653589793"/>
<Proper class1="S837" class2="C835" class3="C809" class4="C807" k1="0.000000" k2="15.167000" k3="0.000000" k4="0.000000" periodicity1="1" periodicity2="2" periodicity3="3" periodicity4="4" phase1="0.00" phase2="3.141592653589793" phase3="0.00" phase4="3.141592653589793"/>
<Improper class1="C802" class2="C801" class3="S804" class4="C805" k1="0.000000" k2="10.460000" k3="0.000000" k4="0.000000" periodicity1="1" periodicity2="2" periodicity3="3" periodicity4="4" phase1="0.00" phase2="3.141592653589793" phase3="0.00" phase4="3.141592653589793"/>
<Improper class1="C809" class2="C835" class3="C805" class4="C807" k1="0.000000" k2="10.460000" k3="0.000000" k4="0.000000" periodicity1="1" periodicity2="2" periodicity3="3" periodicity4="4" phase1="0.00" phase2="3.141592653589793" phase3="0.00" phase4="3.141592653589793"/>
<Improper class1="C834" class2="H836" class3="S837" class4="C807" k1="0.000000" k2="10.460000" k3="0.000000" k4="0.000000" periodicity1="1" periodicity2="2" periodicity3="3" periodicity4="4" phase1="0.00" phase2="3.141592653589793" phase3="0.00" phase4="3.141592653589793"/>
<Improper class1="C807" class2="C809" class3="C834" class4="S804" k1="0.000000" k2="10.460000" k3="0.000000" k4="0.000000" periodicity1="1" periodicity2="2" periodicity3="3" periodicity4="4" phase1="0.00" phase2="3.141592653589793" phase3="0.00" phase4="3.141592653589793"/>
<Improper class1="C835" class2="C809" class3="S837" class4="H838" k1="0.000000" k2="10.460000" k3="0.000000" k4="0.000000" periodicity1="1" periodicity2="2" periodicity3="3" periodicity4="4" phase1="0.00" phase2="3.141592653589793" phase3="0.00" phase4="3.141592653589793"/>
<Improper class1="C805" class2="F808" class3="C809" class4="C802" k1="0.000000" k2="10.460000" k3="0.000000" k4="0.000000" periodicity1="1" periodicity2="2" periodicity3="3" periodicity4="4" phase1="0.00" phase2="3.141592653589793" phase3="0.00" phase4="3.141592653589793"/>
<Improper class1="C801" class2="O800" class3="C802" class4="O803" k1="0.000000" k2="43.932000" k3="0.000000" k4="0.000000" periodicity1="1" periodicity2="2" periodicity3="3" periodicity4="4" phase1="0.00" phase2="3.141592653589793" phase3="0.00" phase4="3.141592653589793"/>
</PeriodicTorsionForce>
<NonbondedForce coulomb14scale="0.5" lj14scale="0.5">
<Atom type="opls_832" charge="0.084200" sigma="0.250000" epsilon="0.125520" />
<Atom type="opls_810" charge="-0.109500" sigma="0.350000" epsilon="0.276144" />
<Atom type="opls_816" charge="-0.173400" sigma="0.350000" epsilon="0.276144" />
<Atom type="opls_825" charge="-0.236700" sigma="0.350000" epsilon="0.276144" />
<Atom type="opls_836" charge="0.203500" sigma="0.242000" epsilon="0.125520" />
<Atom type="opls_823" charge="0.090900" sigma="0.250000" epsilon="0.125520" />
<Atom type="opls_827" charge="0.087600" sigma="0.250000" epsilon="0.125520" />
<Atom type="opls_809" charge="-0.131600" sigma="0.355000" epsilon="0.317984" />
<Atom type="opls_807" charge="-0.094000" sigma="0.355000" epsilon="0.292880" />
<Atom type="opls_822" charge="-0.177100" sigma="0.350000" epsilon="0.276144" />
<Atom type="opls_834" charge="-0.186800" sigma="0.355000" epsilon="0.292880" />
<Atom type="opls_803" charge="-0.345400" sigma="0.300000" epsilon="0.711280" />
<Atom type="opls_829" charge="0.081200" sigma="0.250000" epsilon="0.125520" />
<Atom type="opls_838" charge="0.212200" sigma="0.242000" epsilon="0.125520" />
<Atom type="opls_835" charge="-0.132200" sigma="0.355000" epsilon="0.292880" />
<Atom type="opls_801" charge="0.519900" sigma="0.355000" epsilon="0.292880" />
<Atom type="opls_826" charge="0.087600" sigma="0.250000" epsilon="0.125520" />
<Atom type="opls_814" charge="-0.168500" sigma="0.350000" epsilon="0.276144" />
<Atom type="opls_811" charge="0.098700" sigma="0.250000" epsilon="0.125520" />
<Atom type="opls_818" charge="0.090600" sigma="0.250000" epsilon="0.125520" />
<Atom type="opls_837" charge="0.081600" sigma="0.355000" epsilon="1.046000" />
<Atom type="opls_813" charge="-0.173400" sigma="0.350000" epsilon="0.276144" />
<Atom type="opls_802" charge="-0.239100" sigma="0.355000" epsilon="0.292880" />
<Atom type="opls_806" charge="0.025800" sigma="0.350000" epsilon="0.276144" />
<Atom type="opls_804" charge="0.143000" sigma="0.355000" epsilon="1.046000" />
<Atom type="opls_817" charge="0.090600" sigma="0.250000" epsilon="0.125520" />
<Atom type="opls_812" charge="0.098700" sigma="0.250000" epsilon="0.125520" />
<Atom type="opls_824" charge="0.090900" sigma="0.250000" epsilon="0.125520" />
<Atom type="opls_805" charge="0.182600" sigma="0.355000" epsilon="0.292880" />
<Atom type="opls_828" charge="0.081200" sigma="0.250000" epsilon="0.125520" />
<Atom type="opls_800" charge="-0.465000" sigma="0.296000" epsilon="0.878640" />
<Atom type="opls_808" charge="-0.024900" sigma="0.290000" epsilon="0.251040" />
<Atom type="opls_815" charge="0.117100" sigma="0.250000" epsilon="0.125520" />
<Atom type="opls_819" charge="-0.234600" sigma="0.350000" epsilon="0.276144" />
<Atom type="opls_831" charge="0.084200" sigma="0.250000" epsilon="0.125520" />
<Atom type="opls_820" charge="0.087200" sigma="0.250000" epsilon="0.125520" />
<Atom type="opls_821" charge="0.087200" sigma="0.250000" epsilon="0.125520" />
<Atom type="opls_830" charge="0.081200" sigma="0.250000" epsilon="0.125520" />
<Atom type="opls_833" charge="0.084200" sigma="0.250000" epsilon="0.125520" />
</NonbondedForce>
</ForceField>
